"","HD1","HD2","P1","P2","P3","P4","P5","P6","P7","P8"
"0",0.72,0.71,1.47,0.93,1.64,0.62,0.26,1.28,0.81,0.87
"1",1.01,3.24,1.05,0.73,0.35,0.12,1.1,0.91,0.91,0.52
"2",1.59,0.77,0.93,1.43,1.15,0.49,1.24,0.86,1.07,0.63
"3",1.8,0.2,0.3,1.16,0.76,0.83,2.52,0.68,1.44,1.77
"4",0.62,0.29,0.4,0.34,0.02,5.41,1.43,0.51,0.27,1.33
"5",0.56,1.27,0.89,0.56,0.82,0.71,0.62,1.88,1.71,0.82
"6",0.26,0.23,1.9,1.64,1.56,0.38,0.21,1.05,0.95,0.87
"7",0.73,0.81,1.23,2.82,0.5,0.68,0.71,0.23,1.21,0.31
"8",2.3,0.14,0.17,1.14,1.4,0.42,2.03,0.53,0.33,2.6
"9",0.78,0.54,1.19,1.61,1.13,0.69,0.91,0.76,1.3,0.82
"10",0.55,0.3,0.2,0.55,0.5,0.45,1.69,0.29,1.46,5.02
"11",0.61,0.4,0.79,0.59,2.48,0.43,0.51,1.29,1.33,1.07
"12",0.84,1.3,1.25,0.49,1.86,0.35,0.36,1.13,1.49,0.36
"13",1.61,1.08,2.18,1.24,0.72,0.07,0.85,0.67,0.82,0.76
"14",0.83,1.44,0.64,0.39,0.93,0.1,1.07,0.11,4.87,0
