gene,high_mean,low_mean,p,padj,category
CCL5,0.1330994529508881,0.2632037770600083,0.02857142857142857,0.46747666622640066,Chemokines
CENPE,0.039238682340384246,0.025486761097766823,0.02857142857142857,0.46747666622640066,G2M_phase
CKAP5,0.2704331979757262,0.17252336089401615,0.02857142857142857,0.46747666622640066,G2M_phase
HMGB2,0.20471520135377025,0.35703195674686555,0.02857142857142857,0.46747666622640066,G2M_phase
IL18,0.005251881219549164,0.01925685408273009,0.02857142857142857,0.46747666622640066,Cytokines
IL26,0.005706417356706876,0.01578815702359145,0.02857142857142857,0.46747666622640066,Cytokines
NUSAP1,0.024548857181103317,0.017762458033648874,0.02857142857142857,0.46747666622640066,G2M_phase
POLA1,0.23701752508670704,0.13596144741587157,0.02857142857142857,0.46747666622640066,S_phase
POLR1B,0.08259860615107022,0.07190482496222009,0.02857142857142857,0.46747666622640066,S_phase
MKI67,0.007756831734890168,7.924948496874854e-4,0.029401048190339663,0.46747666622640066,G2M_phase
BLM,0.109783200984408,0.057401540992426725,0.05714285714285714,0.5524957067333602,S_phase
CCNE2,0.017641340109868082,0.029002003024550513,0.05714285714285714,0.5524957067333602,S_phase
CDCA7,0.021961334157631407,0.01028487756933145,0.05714285714285714,0.5524957067333602,S_phase
IL23A,0.025011072102880682,0.058801589492946796,0.05714285714285714,0.5524957067333602,Cytokines
LTA,0.021204740501236417,0.04082023384197819,0.05714285714285714,0.5524957067333602,Cytokines
SMC4,0.3385329855798215,0.2983306887731418,0.05714285714285714,0.5524957067333602,G2M_phase
IFNG,0.0013546015957317417,0.010843138156710369,0.059071868015516504,0.5524957067333602,Cytokines
CCL4,0.003564416187003726,0.020056136985605592,0.11021018267342116,0.7571428571428571,Chemokines
CCNB2,0.003707467150312243,0.0011905571668599023,0.11021018267342116,0.7571428571428571,G2M_phase
CASP8AP2,0.2796483318588743,0.1388204309769769,0.11428571428571428,0.7571428571428571,S_phase
CTCF,0.495784147656796,0.37613958622119004,0.11428571428571428,0.7571428571428571,G2M_phase
HMMR,0.008839485060249716,0.014892112523130177,0.11428571428571428,0.7571428571428571,G2M_phase
TNF,0.009884198100135083,0.025984152688267176,0.11428571428571428,0.7571428571428571,Cytokines
UNG,0.02522632150229747,0.015024654895722328,0.11428571428571428,0.7571428571428571,S_phase
GAS2L3,0.0026366891243637287,7.374002768720053e-4,0.18315020315662195,0.775609756097561,G2M_phase
CCL25,0,8.252047152405975e-4,0.185876732365876,0.775609756097561,Chemokines
CXCL2,0.001618503133969122,0,0.185876732365876,0.775609756097561,Chemokines
IL22,0,0.0018734456010793968,0.185876732365876,0.775609756097561,Cytokines
PIMREG,0,0.0014596704945473292,0.185876732365876,0.775609756097561,G2M_phase
PSRC1,7.737289994597006e-4,0,0.185876732365876,0.775609756097561,G2M_phase
ANLN,0.005199729354024786,0.004156296244446206,0.2,0.775609756097561,G2M_phase
CCL28,0.10675623940306524,0.08913090786012538,0.2,0.775609756097561,Chemokines
CENPF,0.023515053479949796,0.010809210107215313,0.2,0.775609756097561,G2M_phase
IL2,0.006204964506205358,0.015765734827452436,0.2,0.775609756097561,Cytokines
KIF20B,0.3008437078796944,0.39535989420208584,0.2,0.775609756097561,G2M_phase
MCM4,0.02869077756996178,0.024324463197342164,0.2,0.775609756097561,S_phase
MRPL36,0.010944269824712735,0.01947813983575494,0.2,0.775609756097561,S_phase
MSH2,0.19156409886563816,0.12328870680163101,0.2,0.775609756097561,S_phase
NCAPD2,0.07945822925945523,0.055178661003243194,0.2,0.775609756097561,G2M_phase
TACC3,0.19864609576112202,0.15511665073822542,0.2,0.775609756097561,G2M_phase
TPX2,0.007693111003448513,0.004377728216706388,0.2,0.775609756097561,G2M_phase
CDC20,5.50816210348666e-4,0.0022341738683291723,0.21860373720805976,0.80832544688561625,G2M_phase
XCL1,4.4261910449137757e-4,0.00400623998006419,0.21860373720805976,0.80832544688561625,Chemokines
AURKA,0.0028315787067938656,0.005535262114482747,0.24538345847336313,0.8670215532725497,G2M_phase
CXCL17,0.003829286667518757,0.011638928517000035,0.24538345847336313,0.8670215532725497,Chemokines
IL5,8.858460705544563e-4,0.0045703470013132835,0.30052231149547204,0.9085714285714286,Cytokines
CKAP2,0.10464063077040249,0.08497724925832792,0.34285714285714286,0.9085714285714286,G2M_phase
CKS2,0.008183467225171484,0.012032105665868754,0.34285714285714286,0.9085714285714286,G2M_phase
CSF1,0.0184369256657595,0.014065452045309205,0.34285714285714286,0.9085714285714286,Cytokines
ECT2,0.038662157705826546,0.010034955536832365,0.34285714285714286,0.9085714285714286,G2M_phase
IL13,0.002737897985800761,0.004972655769105321,0.34285714285714286,0.9085714285714286,Cytokines
IL1B,0.0038968895962340324,0.00927383615063782,0.34285714285714286,0.9085714285714286,Cytokines
IL24,0.01528208506441528,0.028903371614137308,0.34285714285714286,0.9085714285714286,Cytokines
NASP,0.1905334285518226,0.23647355112141794,0.34285714285714286,0.9085714285714286,S_phase
POLD3,0.09178492290715119,0.06598095555128967,0.34285714285714286,0.9085714285714286,S_phase
TGFB1,0.5376731321645885,0.5838474620515577,0.34285714285714286,0.9085714285714286,Cytokines
UBR7,0.07340474378015421,0.060824901893803504,0.34285714285714286,0.9085714285714286,S_phase
CCL26,1.3228413619697049e-4,9.99577535683124e-4,0.4083519693259382,0.9085714285714286,Chemokines
CCL16,0,6.103013570019628e-4,0.45325470475373647,0.9085714285714286,Chemokines
CCL2,2.936185824014815e-4,0,0.45325470475373647,0.9085714285714286,Chemokines
CCL22,0,2.9918906168485525e-4,0.45325470475373647,0.9085714285714286,Chemokines
CCL8,3.8892194423261687e-4,0,0.45325470475373647,0.9085714285714286,Chemokines
CXCL9,0,3.651776516649131e-4,0.45325470475373647,0.9085714285714286,Chemokines
E2F8,0,7.174988223585189e-4,0.45325470475373647,0.9085714285714286,S_phase
HJURP,4.7717696635889866e-4,0,0.45325470475373647,0.9085714285714286,G2M_phase
IL11,0,7.924922796267204e-4,0.45325470475373647,0.9085714285714286,Cytokines
IL31,0,7.41048188778548e-4,0.45325470475373647,0.9085714285714286,Cytokines
IL33,2.1036388160159859e-4,0,0.45325470475373647,0.9085714285714286,Cytokines
IL36B,0.001398239009055683,0,0.45325470475373647,0.9085714285714286,Cytokines
IL6,2.3733825945500845e-4,0,0.45325470475373647,0.9085714285714286,Cytokines
UBE2C,0,6.652065146219631e-4,0.45325470475373647,0.9085714285714286,G2M_phase
CCL24,8.088946369820291e-4,0.0019754195127362362,0.4595973861839423,0.9085714285714286,Chemokines
AURKB,0.005568817789267646,0.002991755415327665,0.4857142857142857,0.9085714285714286,G2M_phase
GMNN,0.031187362033046038,0.03486086123320594,0.4857142857142857,0.9085714285714286,S_phase
HELLS,0.11464231541798676,0.09237257110115651,0.4857142857142857,0.9085714285714286,S_phase
IL32,0.6919178080223,0.8740499969766742,0.4857142857142857,0.9085714285714286,Cytokines
IL7,0.05916507601710611,0.05184326019994352,0.4857142857142857,0.9085714285714286,Cytokines
KIF23,0.002805951578433546,0.0018994063672899495,0.4857142857142857,0.9085714285714286,G2M_phase
MCM5,0.03720569582092914,0.03135691411153675,0.4857142857142857,0.9085714285714286,S_phase
MCM6,0.2895165703077245,0.2807375588542352,0.4857142857142857,0.9085714285714286,S_phase
PCNA,0.03831685945474053,0.03380710808280742,0.4857142857142857,0.9085714285714286,S_phase
RANGAP1,0.25954990613407525,0.2692850856939898,0.4857142857142857,0.9085714285714286,G2M_phase
RFC2,0.06562841537069844,0.0495915175605529,0.4857142857142857,0.9085714285714286,S_phase
TUBB4B,0.05227860585889846,0.07420390788401207,0.4857142857142857,0.9085714285714286,G2M_phase
WDR76,0.09212466597651509,0.07654820204161114,0.4857142857142857,0.9085714285714286,S_phase
CSF2,0.0016711149792876594,0.002408372952431542,0.5384723809869921,0.9955477741503691,Cytokines
CCL3,0.0024426277555617626,0.0062143016317211435,0.5613632102341237,1,Chemokines
DLGAP5,0.0016016712229344437,0.002200971159154342,0.5613632102341237,1,G2M_phase
IL19,0.0031821525528603935,0.007903588382735059,0.5613632102341237,1,Cytokines
CXCL5,7.478746285306824e-4,0.0011533585790517143,0.6198391186854189,1,Chemokines
IL21,0.0013290582844564755,0.0024944630493139814,0.6445521705158992,1,Cytokines
XCL2,0.0022969517325256913,0.0016868045815247958,0.65725516871927,1,Chemokines
CCL20,0.0037210169412849243,0.01049412920741094,0.6857142857142857,1,Chemokines
CDC25C,0.0017180875917534966,0.0021846839939339367,0.6857142857142857,1,G2M_phase
CDK1,0.0036179999027265734,0.00267502958377398,0.6857142857142857,1,G2M_phase
CENPA,0.037532148468017404,0.041177579209141904,0.6857142857142857,1,G2M_phase
CHAF1B,0.0423163558403842,0.04160341447595446,0.6857142857142857,1,S_phase
IL15,0.14418004501910398,0.11221495708075252,0.6857142857142857,1,Cytokines
IL34,0.031940031288198306,0.0247382700184749,0.6857142857142857,1,Cytokines
JPT1,0.08977247954065075,0.08534138672532945,0.6857142857142857,1,G2M_phase
LBR,0.47669142307358936,0.42820099735031797,0.6857142857142857,1,G2M_phase
LTB,1.442290978665568,1.5902264794311813,0.6857142857142857,1,Cytokines
MCM7,0.04035050004602379,0.03176340488142058,0.6857142857142857,1,S_phase
PRIM1,0.03978747840488361,0.034903382497098824,0.6857142857142857,1,S_phase
RRM2,0.004519237566371316,0.0046378191459449224,0.6857142857142857,1,S_phase
UHRF1,0.016021939817137672,0.019526309413669,0.6857142857142857,1,S_phase
USP1,0.25333010949428314,0.22060512023476583,0.6857142857142857,1,S_phase
BIRC5,9.141429537109216e-4,8.001790111413366e-4,0.8686610629910667,1,G2M_phase
CDC45,9.748882837755774e-4,0.0011628003040639967,0.8686610629910667,1,S_phase
IL17C,8.692711327547016e-4,5.262777534752299e-4,0.8686610629910667,1,Cytokines
IL4,8.619076729582164e-4,0.0011078710628766913,0.8686610629910667,1,Cytokines
NEK2,0.001016349865920254,9.982403050471601e-4,0.8686610629910667,1,G2M_phase
CDC6,0.0013814043060580803,0.0013485522052470473,0.8824201140755036,1,S_phase
DSCC1,0.003318477962988527,0.0024133629057233067,0.8824201140755036,1,S_phase
GTSE1,0.0018771336407763714,0.001286661194784966,0.8824201140755036,1,G2M_phase
IL17B,0.0010242540389457364,0.0022110445288710825,0.8824201140755036,1,Cytokines
KIF2C,0.007299772310516634,0.006360037093546677,0.8845494388529623,1,G2M_phase
ATAD2,0.39653598885238117,0.41473594544790016,0.8857142857142857,1,S_phase
BUB1,0.019767733404609883,0.018088963604315143,0.8857142857142857,1,G2M_phase
CBX5,0.19967124670772135,0.20135457665357606,0.8857142857142857,1,G2M_phase
CENPU,0.013347773956874276,0.015045658995007377,0.8857142857142857,1,S_phase
CKS1B,0.009426338796678585,0.0107311848002788,0.8857142857142857,1,G2M_phase
CLSPN,0.011409912376497574,0.010037142493902645,0.8857142857142857,1,S_phase
CXCL16,0.009471246637614988,0.009060151404215157,0.8857142857142857,1,Chemokines
G2E3,0.6774255630149633,0.6474844163873261,0.8857142857142857,1,G2M_phase
IL12A,0.0035267101586594672,0.003511765653793245,0.8857142857142857,1,Cytokines
IL16,0.18288611281598963,0.1785172913101796,0.8857142857142857,1,Cytokines
IL17D,0.0022805297801136307,0.0019744153612605594,0.8857142857142857,1,Cytokines
NDC80,0.08911817698291202,0.07967585320603272,0.8857142857142857,1,G2M_phase
SLBP,0.12355911980622158,0.1289761340542908,0.8857142857142857,1,S_phase
TGFB2,0.010617361722027121,0.012086302300546088,0.8857142857142857,1,Cytokines
TGFB3,0.007797956803888235,0.010170489347286251,0.8857142857142857,1,Cytokines
TIPIN,0.029006715791395354,0.025860403936224026,0.8857142857142857,1,S_phase
TMPO,0.5108531798496021,0.48260690704085824,0.8857142857142857,1,G2M_phase
TOP2A,0.01318685547629811,0.010678293235812973,0.8857142857142857,1,G2M_phase
TTK,0.00855998459968785,0.006981651879734076,0.8857142857142857,1,G2M_phase
TYMS,0.009427047502783899,0.007220928009572063,0.8857142857142857,1,S_phase
ANP32E,0.18184731728903247,0.1847151143435048,1,1,G2M_phase
CCL17,4.325129251486444e-4,3.6631047357210775e-4,1,1,Chemokines
CCL27,0.0014436804929108004,0.001763529438249069,1,1,Chemokines
CDCA2,0.002850755360694719,0.002029134453729938,1,1,G2M_phase
CDCA8,0.0026016635007398503,0.002456222477058329,1,1,G2M_phase
CKAP2L,9.81862053898022e-4,0.0011760402678348417,1,1,G2M_phase
CX3CL1,0.0012714616642883739,0.001419259443658635,1,1,Chemokines
CXCL10,6.466917294194331e-4,0.0011850935496147599,1,1,Chemokines
CXCL13,0.003522155070262845,0.003308266516180746,1,1,Chemokines
CXCL8,0.012258969781617411,0.024037989938459813,1,1,Chemokines
DTL,0.0023213959936990544,0.0022813436214358805,1,1,S_phase
EXO1,0.0034427074105555498,0.0036189086821933874,1,1,S_phase
FEN1,0.01794650951925205,0.015967680842029906,1,1,S_phase
GINS2,0.002789688076318564,0.0024135967849366977,1,1,S_phase
IL10,4.19691575477597e-4,2.93217893616629e-4,1,1,Cytokines
IL20,6.307584590877338e-4,7.581465100828285e-4,1,1,Cytokines
IL27,0.0012054674956179182,0.0013371329127476075,1,1,Cytokines
KIF11,0.011204549617295289,0.011406195769340627,1,1,G2M_phase
NUF2,0.028725911250986533,0.028605164919483377,1,1,G2M_phase
RAD51,0.012816942149828491,0.011990098565639111,1,1,S_phase
RAD51AP1,0.0038506662019622885,0.0032411102345675123,1,1,S_phase
RRM1,0.32201830344014837,0.31833905172890453,1,1,S_phase
