gene,p_val,avg_log2FC,pct.1,pct.2,p_val_adj,p_adj_set,direction
IFIT3,0.012325023101245525,2.0465358158605387,0.036,0.025,1,0.025509931535136088,Higher in low IRC
IFITM1,1.8834709558948481e-38,1.9166673970661208,0.155,0.055,6.893692045670734e-34,3.3525783014928296e-37,Higher in low IRC
IFIT2,2.384501745313107e-5,1.7476254676323295,0.036,0.018,0.8727514838020503,7.317953632167811e-5,Higher in low IRC
HLA-C,0,1.4898701677681854,0.943,0.727,0,0,Higher in low IRC
B2M,0,1.3697238550398367,0.998,0.991,0,0,Higher in low IRC
OASL,0.11573300225443746,1.3156685123661767,0.031,0.025,1,0.1839328071543738,Not different
PSME1,8.066938287446789e-25,1.104946916252854,0.223,0.127,2.952580082588399e-20,6.5268864325705846e-24,Higher in low IRC
IFITM2,2.3965335158661722e-21,1.0362204325902769,0.247,0.157,8.771552321421777e-17,1.6407037147083794e-20,Higher in low IRC
CD74,4.2764738923527135e-28,0.859977874078837,0.379,0.268,1.5652322093400166e-23,4.7575772052423935e-27,Higher in low IRC
PSME2,2.7323730372924225e-10,0.7860830820726221,0.163,0.109,1.0000758553793996e-5,1.215906001595128e-9,Higher in low IRC
USP18,0.5737338676045634,0.7492654509562273,0.021,0.019,1,0.6631469378805992,Not different
PSMB9,1.6686465850841454e-7,0.7290730363000244,0.22,0.178,0.006107413366066481,6.456936785760389e-7,Higher in low IRC
TXNIP,3.938759706283091e-131,0.6480655255639425,0.966,0.932,1.4416254400966742e-126,1.1684987128639837e-129,Higher in low IRC
LY6E,1.5273624748457472e-6,0.6248955506044678,0.205,0.164,0.05590299394182919,5.034639268935981e-6,Higher in low IRC
IRF1,1.8390175085572948e-16,0.5944414395590581,0.481,0.413,6.730987983070555e-12,1.0911503884106617e-15,Higher in low IRC
ISG20,4.369816379697948e-5,0.5661289817513335,0.262,0.232,1,1.2963788593103913e-4,Higher in low IRC
CMPK2,0.9185008496202334,0.5583563850893922,0.029,0.029,1,0.9396158116804686,Not different
IFIH1,0.06971318176331492,0.550656209511363,0.194,0.185,1,0.11489765142472275,Not different
CNP,0.23792725526505482,0.5305892757442998,0.044,0.038,1,0.33086758935296684,Not different
IFI30,0.03953931755272297,0.5130960681575467,0.058,0.046,1,0.07649998396070314,Not different
LAMP3,0.9957479130186154,0.5089845686212788,0.018,0.018,1,0.9957479130186154,Not different
PSMB8,0.003751151761411992,0.4718630643432131,0.14,0.118,1,0.0081427440674553,Higher in low IRC
TRIM5,0.3411426460468846,0.4615235192295153,0.158,0.157,1,0.44002457243728593,Not different
HELZ2,0.6072885342003304,0.4496985279279042,0.057,0.055,1,0.6841605005548026,Not different
TENT5A,0.6363729449580184,0.4390753691095759,0.067,0.065,1,0.699224593842761,Not different
TRIM25,0.7825300274480361,0.4096393893924688,0.134,0.138,1,0.8193549699161791,Not different
LGALS3BP,0.16504630390782785,0.38885254905038646,0.039,0.032,1,0.2408052630786341,Not different
PSMA3,0.06012523785057621,0.36070698160478487,0.203,0.192,1,0.10528643308003699,Not different
IFI35,0.7575103204263498,0.3348238128823904,0.031,0.033,1,0.8026002204517277,Not different
TAP1,0.34953225091632534,0.33320528243543457,0.146,0.144,1,0.4444052904507565,Not different
PNPT1,0.06472748595116139,0.3002690686498896,0.172,0.2,1,0.10869332546515781,Not different
UBE2L6,0.2088256410430859,0.2988969836126265,0.064,0.056,1,0.295007651632296,Not different
NUB1,0.32865629659773327,0.293201328297817,0.232,0.236,1,0.43657328951042185,Not different
CMTR1,0.853999510508405,0.28702217221509985,0.163,0.169,1,0.8837901911075354,Not different
TRIM21,0.7009632997741906,0.2666043362643795,0.028,0.03,1,0.7608016302427191,Not different
PROCR,0.6280737823906637,0.26437769821297996,0.032,0.03,1,0.6987320829096134,Not different
EIF2AK2,0.7466993995200041,0.2358970980948653,0.319,0.347,1,0.8006776693648237,Not different
MX1,0.0017122530798947984,0.23580803835334307,0.157,0.2,1,0.004118662813801001,Not different
BST2,0.3359955295031713,0.22521226906706127,0.128,0.123,1,0.43975885479091537,Not different
IRF7,0.24204781010368698,0.1751207563820314,0.023,0.028,1,0.3314193092188945,Not different
RSAD2,6.888933263026756e-4,0.16341616409607473,0.038,0.059,1,0.0018579244254829735,Not different
TRAFD1,0.5545274368657357,0.15708872594036438,0.09,0.097,1,0.6493808142243483,Not different
ADAR,0.5868012293348772,0.1505955575619834,0.458,0.488,1,0.6695552488564624,Not different
OGFR,0.3967736456895287,0.13363398342958122,0.086,0.095,1,0.4904563120328897,Not different
IFI44,2.370209078015049e-5,0.1320343374464149,0.148,0.198,0.8675202246442881,7.317953632167811e-5,Not different
MOV10,0.1761058620617044,0.12857266664399525,0.063,0.074,1,0.25279712457244663,Not different
RIPK2,0.9518232103106636,0.10289459468918682,0.114,0.115,1,0.9626393831551031,Not different
GBP2,0.5039873699149617,0.09824053669668897,0.392,0.423,1,0.6061469719247512,Not different
TRIM26,0.3254084782040284,0.09689544924703852,0.17,0.188,1,0.43657328951042185,Not different
PLSCR1,0.06033267513575153,0.09317615602801821,0.062,0.077,1,0.10528643308003699,Not different
DHX58,0.38174862967251,0.07281705145111861,0.021,0.024,1,0.47852997240638584,Not different
IRF9,0.10455423973663017,0.03287546240248851,0.1,0.117,1,0.1691877697556379,Not different
ELF1,0.5478955334354069,0.021962820165363883,0.829,0.869,1,0.6493808142243483,Not different
LAP3,0.11875676022144263,0.009794357460629621,0.092,0.108,1,0.18542722210014725,Not different
STAT2,0.06287471252897733,0.0046999966062737375,0.127,0.149,1,0.1076124887515189,Not different
TDRD7,0.002886420591125758,-0.006089711976149825,0.11,0.141,1,0.0067603008581629594,Not different
GBP4,0.041215433431276156,-0.017297638159192052,0.117,0.139,1,0.07804624628475698,Not different
IL4R,0.016032102454762942,-0.022223364426241676,0.331,0.384,1,0.03242857087440686,Not different
CSF1,0.4048763352245674,-0.0261628829451368,0.013,0.016,1,0.4936163539039246,Not different
SAMD9,0.0036199681390949854,-0.04375343989992597,0.15,0.187,1,0.008054429109486344,Not different
ISG15,0.1317887995003005,-0.057430243971174466,0.06,0.07,1,0.2022276406125301,Not different
CASP8,9.58559298227565e-4,-0.07886749866325926,0.425,0.501,1,0.002509169927713332,Not different
SELL,0.0013456824669994794,-0.0838290584673389,0.351,0.411,1,0.0034218782732272474,Not different
NMI,0.05254310985495855,-0.09109153727251984,0.083,0.101,1,0.09543544443043492,Not different
SLC25A28,0.01031709084984573,-0.10911175528800321,0.055,0.073,1,0.02186240680086357,Not different
IL7,0.13897982594294903,-0.1506795910057268,0.034,0.042,1,0.20964753404953326,Not different
PARP12,7.277169100155428e-7,-0.1518633976997248,0.248,0.324,0.02663516662347888,2.5906721996553325e-6,Not different
MVB12A,0.1529374297969715,-0.16292899573494957,0.026,0.032,1,0.2268571875321744,Not different
LPAR6,2.213279463819778e-4,-0.19081880341340923,0.191,0.242,1,6.155683508748757e-4,Not different
CD47,1.0664619663431403e-11,-0.21280046657946938,0.657,0.772,3.903357443012528e-7,5.273061944696638e-11,Not different
IFITM3,0.0440301710080275,-0.24034268198209707,0.022,0.031,1,0.08163927541071767,Not different
PARP9,3.1679689549496793e-7,-0.2511476010150686,0.126,0.181,0.011595083172011321,1.1747884874605062e-6,Higher in high IRC
TMEM140,1.2566262524733896e-7,-0.2701194776964918,0.154,0.216,0.004599377746677853,5.083624385005986e-7,Higher in high IRC
EPSTI1,7.181382011173913e-13,-0.33372506650577605,0.221,0.313,2.628457629909764e-8,3.759664699967519e-12,Higher in high IRC
RNF31,0.0016084202683594394,-0.35132739185800643,0.049,0.07,1,0.003976372330110837,Higher in high IRC
PARP14,1.169517240889442e-15,-0.37472724015901226,0.284,0.401,4.2805500533794466e-11,6.505439652447522e-15,Higher in high IRC
IRF2,1.3496868330588105e-10,-0.41311943299425824,0.105,0.171,4.9399887776785526e-6,6.322217270643902e-10,Higher in high IRC
IL15,1.2107189244491883e-4,-0.4209191198421409,0.078,0.11,1,3.475934976644444e-4,Higher in high IRC
UBA7,0.018533332752551927,-0.42161541286025317,0.025,0.036,1,0.036654813666158255,Higher in high IRC
SP110,1.865187573897515e-21,-0.445355524629436,0.315,0.453,6.826773039222295e-17,1.383347450640657e-20,Higher in high IRC
C1S,0.003373155189958813,-0.47556760840074297,0.035,0.051,1,0.007697713125803445,Higher in high IRC
NCOA7,1.5639339605303148e-32,-0.4845813578649729,0.466,0.639,5.724154688937006e-28,2.3198353747866338e-31,Higher in high IRC
HERC6,6.237731627446403e-18,-0.5994887716293987,0.155,0.252,2.283072152961658e-13,3.965415106019499e-17,Higher in high IRC
CASP1,1.306416441633183e-6,-0.6678608145360143,0.049,0.082,0.047816148180216136,4.4719639732828186e-6,Higher in high IRC
TRIM14,9.298098626561938e-26,-0.7080853833646259,0.207,0.342,3.403197078307935e-21,8.275307777640126e-25,Higher in high IRC
SAMD9L,1.2536474443177827e-28,-0.9053912564993428,0.079,0.187,4.588475010947517e-24,1.593923179204038e-27,Higher in high IRC
DDX60,8.97803533335329e-26,-0.982275090117165,0.129,0.242,3.2860507123606377e-21,8.275307777640126e-25,Higher in high IRC
IFI44L,2.3181602900668765e-42,-1.3684949105205173,0.061,0.188,8.484698477673775e-38,5.1579066453988e-41,Higher in high IRC
OAS1,4.6411091689379946e-10,-1.423482784641957,0.015,0.045,1.6986923669229955e-5,1.966946266835626e-9,Higher in high IRC
