gene,cell_lfc,cell_padj,pb_lfc,pb_padj,higher_in_high_IRC
SETD3,-0.84,4.44e-15,-0.864,0.0522,TRUE
EP300,-0.0754,1,-0.0681,0.901,TRUE
SUZ12,-0.162,0.288,-0.23,0.645,TRUE
DNMT3A,-0.981,4.72e-20,-0.947,0.193,TRUE
KDM3B,-0.29,1.97e-6,-0.379,0.369,TRUE
ARID1A,-0.241,1.76e-5,-0.258,0.501,TRUE
KDM3A,-0.476,9.29e-12,-0.486,0.157,TRUE
KAT6A,-0.106,0.262,-0.148,0.806,TRUE
KANSL1,-0.0442,1,-0.196,0.75,TRUE
KDM7A,-0.291,3.94e-8,-0.315,0.449,TRUE
SMYD3,-0.253,2.69e-10,-0.272,0.627,TRUE
KDM6A,-0.207,1.27e-8,-0.147,0.771,TRUE
SETD2,-0.301,2.25e-16,-0.318,0.443,TRUE
CREBBP,-0.228,1.81e-7,-0.239,0.56,TRUE
KDM4C,-0.323,1.79e-19,-0.311,0.501,TRUE
NCOR1,-0.313,3.87e-18,-0.305,0.196,TRUE
ARID2,-0.339,3.82e-21,-0.259,0.446,TRUE
HDAC8,-1.15,3.3599999999999995e-42,-1.13,0.174,TRUE
NCOA2,-0.368,1.07e-26,-0.348,0.173,TRUE
KAT6B,-0.591,1.2199999999999999e-32,-0.51,0.209,TRUE
JAK2,-0.819,5.67e-36,-0.747,0.203,TRUE
KAT2B,-1.06,9.749999999999998e-113,-0.966,0.148,TRUE
ARID5B,-0.791,1.6899999999999997e-74,-0.606,0.343,TRUE
