paper_subset,gene,our_subset,avg_log2FC
Naive/CM,TSHZ2,Naive/CM,1.26
Naive/CM,CCR7,Naive/CM,1.4
Naive/CM,TGFBR2,Naive/CM,1.21
Naive/CM,BACH2,Naive/CM,1.06
Naive/CM,LEF1,Naive/CM,0.86
Naive/CM,TCF7,Naive/CM,0.86
Naive/CM,AFF3,Naive/CM,1.73
Teff,GATA3,Teff,1.66
Teff,RUNX2,Teff,1.01
Teff,TGFBR3,Teff,1.27
Teff,RORA,Teff,0.85
Teff,RUNX3,Teff,1.24
Teff,PRDM1,Teff,1.35
Teff,PRDM1,Treg,0.87
Teff,CD226,Teff,0.54
TEMRA,ZEB2,NA,NA
TEMRA,CCL5,NA,NA
TEMRA,VAV3,Treg,2.71
TEMRA,CD74,Treg,0.72
TEMRA,CBLB,NA,NA
TEMRA,TGFB1,Teff,0.67
TEMRA,ITGAL,NA,NA
Treg,IKZF2,Treg,5.19
Treg,TOX,Treg,2.62
Treg,IL2RA,Treg,2.97
Treg,ENTPD1,Treg,3.58
Treg,BACH1,Treg,1.25
Treg,CTLA4,Treg,2.67
Treg,TIGIT,Treg,2.88
Treg,IL10RA,Teff,0.32
Treg,IL10RA,Treg,1.33
