gene,sample,group,mean_expr,pct_expr
BST2,P1,high_IRC,0.24069106894501308,21.12436115843271
BST2,P2,high_IRC,0.10421937434237447,8.537886872998932
BST2,P3,high_IRC,0.17744101900001177,13.547904191616766
BST2,P4,high_IRC,0.0490758676856188,4.0669856459330145
BST2,P5,low_IRC,0.09155688575804562,6.422018348623854
BST2,P6,low_IRC,0.1534754999635628,10.51930758988016
BST2,P7,low_IRC,0.22322745496346566,17.61487964989059
BST2,P8,low_IRC,0.13469280334551623,11.428571428571429
EIF2AK2,P1,high_IRC,0.7192190126223891,50.08517887563884
EIF2AK2,P2,high_IRC,0.5573195506892104,38.4204909284952
EIF2AK2,P3,high_IRC,0.3545169111227265,24.850299401197603
EIF2AK2,P4,high_IRC,0.4905194451724343,35.88516746411483
EIF2AK2,P5,low_IRC,0.7610170139979803,38.226299694189606
EIF2AK2,P6,low_IRC,0.45473474083512977,27.69640479360852
EIF2AK2,P7,low_IRC,0.4620708688319582,31.838074398249454
EIF2AK2,P8,low_IRC,0.4991251064345473,34.523809523809526
IFIT3,P1,high_IRC,0.07510665081321997,6.643952299829642
IFIT3,P2,high_IRC,0.033329992053966084,2.6680896478121667
IFIT3,P3,high_IRC,0.015480401236386384,1.1976047904191618
IFIT3,P4,high_IRC,0.007528386689517544,0.7177033492822966
IFIT3,P5,low_IRC,0.4081181984217469,19.571865443425075
IFIT3,P6,low_IRC,0.015850422634557,0.9320905459387484
IFIT3,P7,low_IRC,0.016819507465088868,1.312910284463895
IFIT3,P8,low_IRC,0.01018555132464056,0.9523809523809524
IRF7,P1,high_IRC,0.05853250977410087,5.45144804088586
IRF7,P2,high_IRC,0.034518163361386765,2.88153681963714
IRF7,P3,high_IRC,0.027659592764551422,2.245508982035928
IRF7,P4,high_IRC,0.009302740324955563,0.7177033492822966
IRF7,P5,low_IRC,0.06428570378052934,3.9755351681957185
IRF7,P6,low_IRC,0.019904796941492445,1.3315579227696404
IRF7,P7,low_IRC,0.03193764725851396,2.516411378555799
IRF7,P8,low_IRC,0.026296936703587744,2.142857142857143
ISG15,P1,high_IRC,0.1757880457392769,14.991482112436117
ISG15,P2,high_IRC,0.05354824723210409,4.055496264674493
ISG15,P3,high_IRC,0.08990804285361792,6.961077844311377
ISG15,P4,high_IRC,0.03582500799271948,2.8708133971291865
ISG15,P5,low_IRC,0.1425726452920689,9.480122324159021
ISG15,P6,low_IRC,0.06903085453904947,4.660452729693742
ISG15,P7,low_IRC,0.07464357248545611,6.12691466083151
ISG15,P8,low_IRC,0.06068969156096383,5.238095238095238
MX1,P1,high_IRC,0.4983295543158297,38.50085178875639
MX1,P2,high_IRC,0.3032091011233778,22.94557097118463
MX1,P3,high_IRC,0.15653696381306023,11.826347305389222
MX1,P4,high_IRC,0.16715290589199272,13.397129186602871
MX1,P5,low_IRC,0.5969721990353907,29.66360856269113
MX1,P6,low_IRC,0.18122770588285655,11.717709720372836
MX1,P7,low_IRC,0.2089897168053024,15.536105032822759
MX1,P8,low_IRC,0.15257316498498813,12.142857142857142
