pathway,NES_raw,pval_raw,NES_adj,pval_adj,NES_change_pct
HALLMARK_OXIDATIVE_PHOSPHORYLATION,NA,NA,2.13,2.06e-9,NA
GOBP_OXIDATIVE_PHOSPHORYLATION,3.01,1.6300000000000001e-21,1.83,1.12e-4,-39.1
REACTOME_RESPIRATORY_ELECTRON_TRANSPORT,2.5,4.77e-15,1.76,2.87e-4,-29.5
HALLMARK_MYC_TARGETS_V1,NA,NA,1.76,4.67e-5,NA
HALLMARK_TNFA_SIGNALING_VIA_NFKB,2.19,1.63e-8,2.15,4.3e-7,-2.1
HALLMARK_INTERFERON_ALPHA_RESPONSE,1.74,0.00153,1.91,5.14e-4,10.1
GSE24026_PD1_LIGATION_VS_CTRL_IN_ACT_TCELL_LINE_UP,2.16,4.42e-9,2.2,9.63e-9,1.8
GOBP_SMALL_GTPASE_MEDIATED_SIGNAL_TRANSDUCTION,-1.66,5.42e-11,-1.8,1.38e-11,-8.8
REACTOME_RAC1_GTPASE_CYCLE,-1.61,2.13e-5,-1.79,6.77e-7,-11.1
GOBP_CELL_CELL_JUNCTION_ORGANIZATION,-1.52,0.0035,-1.73,2.15e-4,-14
REACTOME_CHROMATIN_ORGANIZATION,-1.67,6.24e-9,-1.79,2.01e-8,-6.8
