source,high_mean,low_mean,diff_low_minus_high,complete_separation,p
HIVEP2,2.732303503072419,4.61918211687248,1.8868786138000608,TRUE,0.02857142857142857
MYC,0.9370593475672822,2.7801029612549,1.8430436136876178,TRUE,0.02857142857142857
ZBTB4,2.07622444383086,3.1502096569202926,1.0739852130894327,TRUE,0.02857142857142857
CIITA,0.8254544375297337,1.883796788853421,1.0583423513236874,TRUE,0.02857142857142857
HLF,-1.0037728399191583,-0.25570267663452934,0.7480701632846289,FALSE,0.05714285714285714
ZBED1,2.1309943350652394,2.8516177758830725,0.7206234408178331,TRUE,0.02857142857142857
RFX1,-0.15901569766993215,0.5335066871907925,0.6925223848607247,TRUE,0.02857142857142857
HMGA2,-0.07833696918574778,0.5351846637304769,0.6135216329162247,FALSE,0.05714285714285714
TBXT,-0.2537910875672642,0.3027823597077185,0.5565734472749827,TRUE,0.02857142857142857
USF1,0.7497940408035842,1.3005078993654382,0.550713858561854,FALSE,0.05714285714285714
DMTF1,-0.28367958859111303,0.26593416027598615,0.5496137488670991,FALSE,0.2
MSX2,-1.5208900755404444,-0.9820736247636462,0.5388164507767982,FALSE,0.11428571428571428
NR3C1,-0.8045864831601002,-0.3152956548344319,0.4892908283256683,FALSE,0.11428571428571428
FOS,0.543373310800126,1.0254949545087273,0.48212164370860133,TRUE,0.02857142857142857
ING4,-0.902508428597445,-0.4212233240884488,0.48128510450899614,FALSE,0.11428571428571428
CREB1,0.11376551044767791,0.5933312627204055,0.4795657522727276,FALSE,0.2
USF2,0.7814706559848654,1.2549164534683392,0.4734457974834738,TRUE,0.02857142857142857
RFX5,-0.6749472689425273,-0.22991656211357256,0.44503070682895474,TRUE,0.02857142857142857
MAF,-0.7754825305442519,-0.34249660963054146,0.4329859209137104,TRUE,0.02857142857142857
MAX,0.3948571473816249,0.8257837582603689,0.43092661087874395,TRUE,0.02857142857142857
RFXANK,-0.7818295778977871,-0.35280223843233155,0.4290273394654555,TRUE,0.02857142857142857
NEUROD6,0.29408934597765624,0.7197351232882623,0.42564577731060604,FALSE,0.05714285714285714
HDAC4,-0.8113048818520415,-0.3874713717391085,0.423833510112933,FALSE,0.11428571428571428
IRF5,-1.482855158833591,-1.0648848868195362,0.4179702720140548,TRUE,0.02857142857142857
PITX3,0.2336004415042367,0.6482082600188066,0.4146078185145699,FALSE,0.34285714285714286
KLF9,0.3436173558461667,0.7575672282746039,0.41394987242843717,TRUE,0.02857142857142857
YY1,-0.031540833431489744,0.38020310637657534,0.41174393980806506,TRUE,0.02857142857142857
NKX2-1,-0.4248795983207099,-0.021626823874303203,0.40325277444640667,TRUE,0.02857142857142857
ETV4,0.64926747905274,1.0499081717585481,0.40064069270580815,TRUE,0.02857142857142857
LHX2,0.08584321110862467,0.4848007696861053,0.3989575585774806,TRUE,0.02857142857142857
NFYB,-0.3636393054779358,0.030603468264718617,0.39424277374265443,TRUE,0.02857142857142857
ASCL2,-0.13150391105806827,0.2592421179710525,0.3907460290291208,FALSE,0.11428571428571428
SMAD3,-0.749296318827196,-0.361816954916226,0.38747936391097004,FALSE,0.05714285714285714
RFXAP,-0.7185746686615709,-0.333061952585042,0.3855127160765289,FALSE,0.05714285714285714
ERF,-1.0914096119566628,-0.7070309504329201,0.38437866152374267,FALSE,0.11428571428571428
ZNF91,0.2199619425513635,0.5988475297636705,0.37888558721230703,TRUE,0.02857142857142857
HIF1A,-0.46524895815125955,-0.09825729834701441,0.36699165980424514,FALSE,0.05714285714285714
JUN,0.5697646693190366,0.9292812333733398,0.3595165640543032,TRUE,0.02857142857142857
CREB3,-0.49874191294256176,-0.1461344346835313,0.3526074782590305,FALSE,0.11428571428571428
STAT1,-0.34895581762182465,-9.895417974734755e-4,0.3479662758243512,FALSE,0.11428571428571428
PHF20,0.5602129718521496,0.9074977161650487,0.34728474431289913,TRUE,0.02857142857142857
MSX1,-0.09137321955553891,0.2509677021744152,0.3423409217299541,FALSE,0.11428571428571428
THRB,-0.523764436303284,-0.1822074245026912,0.3415570118005927,FALSE,0.2
SIM2,-0.996824819777176,-0.6577161435789634,0.3391086761982126,FALSE,0.2
HLX,0.3256590877793188,0.6574543008190212,0.33179521303970244,FALSE,0.11428571428571428
HSF1,-1.1978129492010718,-0.8707732820605826,0.32703966714048927,FALSE,0.11428571428571428
PPARGC1A,-1.1904269492797095,-0.8639654391296968,0.3264615101500127,TRUE,0.02857142857142857
FOXH1,0.17097221261170575,0.49690578397468227,0.3259335713629765,FALSE,0.2
RUNX3,-1.6224339799015404,-1.2965596585867951,0.32587432131474525,FALSE,0.34285714285714286
SPI1,0.43887016581126137,0.7637123795591341,0.3248422137478727,FALSE,0.11428571428571428
YBX1,1.4229712327562358,1.7464900635431633,0.32351883078692745,FALSE,0.34285714285714286
KDM5A,0.03918724883708105,0.3617786347050279,0.3225913858679469,FALSE,0.2
TBPL2,1.2792786116626376,1.6002088782658226,0.320930266603185,FALSE,0.2
E2F4,-1.524129604912235,-1.2081889574952314,0.3159406474170037,TRUE,0.02857142857142857
NFIC,-0.14065512362654092,0.17429607549179435,0.31495119911833525,FALSE,0.11428571428571428
CTCF,-1.0052257790145036,-0.6939106981664381,0.3113150808480655,FALSE,0.05714285714285714
TGFB1I1,0.13166871556957643,0.44220999184017745,0.310541276270601,FALSE,0.05714285714285714
RELA,2.1790694899726386,2.4833377147387203,0.30426822476608173,TRUE,0.02857142857142857
ZNF382,-1.7329745924925182,-1.4306013265776032,0.302373265914915,FALSE,0.2
FOXO1,0.7578579677760829,1.0594362075866675,0.3015782398105845,FALSE,0.05714285714285714
PPARG,-0.582579970758316,-0.2851997821655093,0.29738018859280674,FALSE,0.2
MYCN,-0.581301701951332,-0.28573885817274264,0.2955628437785894,TRUE,0.02857142857142857
NPM1,0.7735351168416332,1.0664581376393096,0.2929230207976764,TRUE,0.02857142857142857
CEBPD,-1.2716023877853424,-0.9797254953995038,0.2918768923858386,TRUE,0.02857142857142857
ATF6,-0.9025930785308274,-0.6113399041594851,0.29125317437134224,FALSE,0.05714285714285714
PITX1,-0.8159284902000619,-0.5256321946869382,0.29029629551312364,FALSE,0.34285714285714286
ATF3,-0.5464128450439623,-0.25732488722435787,0.2890879578196044,TRUE,0.02857142857142857
NFYA,-0.2684127212985413,0.018323822958506875,0.2867365442570482,TRUE,0.02857142857142857
SMAD6,-0.330957512326973,-0.054835896570216126,0.27612161575675687,FALSE,0.34285714285714286
NFATC3,-0.5530827807885951,-0.28409717347889357,0.2689856073097015,FALSE,0.05714285714285714
MECOM,-0.6364790607821065,-0.36781427191388577,0.2686647888682207,FALSE,0.05714285714285714
THRA,1.5232095175668288,1.7852738636583478,0.2620643460915191,TRUE,0.02857142857142857
IRF1,-0.08194179678247016,0.17710846518382148,0.25905026196629166,FALSE,0.2
SOX2,-0.32768274169853623,-0.07353336111914967,0.2541493805793866,TRUE,0.02857142857142857
MEF2A,1.0242812346985302,1.2768351263497486,0.25255389165121844,TRUE,0.02857142857142857
NFKB2,1.7655335722324437,2.0168834418085746,0.2513498695761309,FALSE,0.11428571428571428
TBX3,-0.46179459266896655,-0.21302315943989336,0.2487714332290732,FALSE,0.34285714285714286
REL,1.5075948384884108,1.7551602620307774,0.24756542354236655,FALSE,0.11428571428571428
NFKB1,1.9177351677938281,2.1631005346292396,0.24536536683541144,FALSE,0.11428571428571428
FOXA1,-1.623285464190312,-1.3819140785240722,0.24137138566623983,FALSE,0.11428571428571428
AIRE,0.5106910018043355,0.7512548697758576,0.24056386797152218,FALSE,0.11428571428571428
NANOG,0.8299895758454827,1.0695380331618274,0.23954845731634467,FALSE,0.34285714285714286
CREBBP,-0.4079567377862539,-0.17082577720787334,0.23713096057838057,FALSE,0.05714285714285714
ELK3,0.42903065526673173,0.6612710829927786,0.23224042772604686,FALSE,0.05714285714285714
TBP,-0.17086066549137718,0.0589305825654814,0.22979124805685858,FALSE,0.2
HSF2,-0.5033188892118879,-0.27402803905050666,0.2292908501613813,TRUE,0.02857142857142857
BMAL1,-0.36847126403650254,-0.13950484079673423,0.22896642323976832,FALSE,0.4857142857142857
KMT2B,-0.5877820933539675,-0.35883988022433694,0.22894221312963053,TRUE,0.02857142857142857
CXXC1,-0.08556319667480908,0.1426500349227207,0.22821323159752976,FALSE,0.11428571428571428
NR4A2,0.0987234490838626,0.3242722265712266,0.22554877748736402,FALSE,0.2
RCOR2,0.31912699321930404,0.5439949728968999,0.22486797967759586,TRUE,0.02857142857142857
NFYC,-1.0508833138612843,-0.8261924250197175,0.22469088884156685,FALSE,0.11428571428571428
FOXC1,0.8581991857680502,1.080852996833621,0.2226538110655707,FALSE,0.2
RELB,1.4253102589079478,1.6452616012399492,0.21995134233200142,FALSE,0.11428571428571428
NR2E3,0.39821442860586426,0.6171161986416788,0.2189017700358145,FALSE,0.05714285714285714
MLXIPL,0.8739919890733125,1.0924818677796928,0.21848987870638026,FALSE,0.2
SNAI2,0.947542646780265,1.1641609171448402,0.21661827036457515,FALSE,0.05714285714285714
ZFP42,0.5508950443457467,0.7634738003096927,0.21257875596394604,FALSE,0.34285714285714286
SREBF1,-1.3310646797154388,-1.1188569384273113,0.21220774128812758,TRUE,0.02857142857142857
CLOCK,0.003989503736050402,0.21463250887125296,0.21064300513520257,FALSE,0.34285714285714286
PPARD,-0.18912984211409745,0.015977700881789732,0.20510754299588718,FALSE,0.11428571428571428
FOXL2,0.10570997600380613,0.3105395490351966,0.20482957303139046,FALSE,0.34285714285714286
SFPQ,0.2929645944748279,0.4970385614134606,0.20407396693863267,FALSE,0.34285714285714286
NFIA,-1.1574390264291443,-0.9538026915943536,0.2036363348347907,FALSE,0.05714285714285714
FOXC2,0.8082405037036744,1.0091122844773335,0.20087178077365908,FALSE,0.11428571428571428
MYB,1.9975742422713019,2.196440501600054,0.19886625932875202,FALSE,0.4857142857142857
RXRA,-0.41747605119332654,-0.2192408401804662,0.19823521101286035,FALSE,0.2
LMO2,-1.3947365232154594,-1.2002473306021424,0.19448919261331699,FALSE,0.4857142857142857
NR1H4,-1.2277708047838154,-1.033466589624075,0.1943042151597405,FALSE,0.11428571428571428
RARG,-0.7892473481269409,-0.5973108979555004,0.19193645017144045,TRUE,0.02857142857142857
EN1,-1.6202801207430932,-1.4286783065025586,0.19160181424053468,FALSE,0.34285714285714286
SOX17,0.020177185346758074,0.2115139030806779,0.19133671773391983,FALSE,0.2
SP1,-0.6187282764878059,-0.42761852945956336,0.19110974702824257,FALSE,0.05714285714285714
ELF2,-0.5141663917959636,-0.32645107327487893,0.18771531852108464,FALSE,0.05714285714285714
ZGLP1,1.1526372022087308,1.3403336234397216,0.18769642123099084,FALSE,0.34285714285714286
DDIT3,-0.42131199455427737,-0.23985191679570345,0.18146007775857392,FALSE,0.2
ZBTB7B,1.296740643532642,1.4779243532832356,0.1811837097505935,FALSE,0.11428571428571428
EGR3,-0.5156864016443459,-0.33611366779545754,0.17957273384888833,FALSE,0.11428571428571428
FOSL2,-0.7802070408348096,-0.6089376311341058,0.1712694097007038,FALSE,0.11428571428571428
NFKB1_NFKB2,1.4495775734776293,1.6140555766214721,0.16447800314384287,FALSE,0.2
NFKB1_REL,1.4495775734776293,1.6140555766214721,0.16447800314384287,FALSE,0.2
NFKB1_RELA,1.4495775734776293,1.6140555766214721,0.16447800314384287,FALSE,0.2
NFKB1_RELB,1.4495775734776293,1.6140555766214721,0.16447800314384287,FALSE,0.2
NFKB2_REL,1.4495775734776293,1.6140555766214721,0.16447800314384287,FALSE,0.2
NFKB2_RELA,1.4495775734776293,1.6140555766214721,0.16447800314384287,FALSE,0.2
NFKB2_RELB,1.4495775734776293,1.6140555766214721,0.16447800314384287,FALSE,0.2
RELA_RELB,1.4495775734776293,1.6140555766214721,0.16447800314384287,FALSE,0.2
REL_RELA,1.4495775734776293,1.6140555766214721,0.16447800314384287,FALSE,0.2
REL_RELB,1.4495775734776293,1.6140555766214721,0.16447800314384287,FALSE,0.2
OVOL1,-0.2565733074479878,-0.09261226539096691,0.1639610420570209,FALSE,0.11428571428571428
SIN3A,-1.3582944202831622,-1.194742305177996,0.1635521151051662,FALSE,0.6857142857142857
RORC,0.553089714641157,0.7141766177006852,0.16108690305952822,FALSE,0.11428571428571428
GATA2,-0.5185898438460808,-0.35948227538106237,0.1591075684650184,FALSE,0.05714285714285714
HDAC7,0.49613082142640424,0.6545017302145086,0.1583709087881044,FALSE,0.2
JUND,0.7674739792829577,0.9241913264828628,0.15671734719990515,FALSE,0.34285714285714286
HHEX,-0.7743803269766831,-0.6184606843244573,0.1559196426522258,FALSE,0.2
NRF1,-0.6763715013934197,-0.5206246293976238,0.15574687199579595,FALSE,0.2
NFKBIB,-0.5471981460968197,-0.39204755570172445,0.15515059039509527,FALSE,0.05714285714285714
SSRP1,0.6554524180834329,0.8097088401509845,0.15425642206755164,FALSE,0.6857142857142857
EHF,-0.3172063101588137,-0.16362914420070948,0.1535771659581042,FALSE,0.4857142857142857
ZBTB16,0.408078706086906,0.5591345371625962,0.1510558310756902,FALSE,0.6857142857142857
KMT2A,1.1196921477438972,1.2695966050902512,0.14990445734635394,FALSE,0.2
TEAD1,-0.8533564647096562,-0.7116463007163663,0.14171016399328995,FALSE,0.05714285714285714
ZEB1,0.345018086703243,0.4861661618916183,0.1411480751883753,FALSE,0.6857142857142857
ID3,0.1589129668620737,0.2969629723623938,0.13805000550032007,FALSE,0.2
XBP1,-0.2763074490178103,-0.138262221433304,0.1380452275845063,FALSE,0.11428571428571428
MTA1,0.6750850746352005,0.8127519243639091,0.13766684972870857,FALSE,0.4857142857142857
PBX1,-0.49941166825855454,-0.3633116847403504,0.13609998351820413,FALSE,0.34285714285714286
SRSF2,1.1734802390216728,1.307260651725855,0.13378041270418217,FALSE,0.34285714285714286
PAX8,0.49752829569292334,0.631300149786179,0.13377185409325565,FALSE,0.6857142857142857
TCF3,-0.6996691992742944,-0.5660146762409778,0.1336545230333166,FALSE,0.2
RXRB,-0.876422422436363,-0.7451883118852713,0.1312341105510917,FALSE,0.2
BMAL2,-0.2516572908246276,-0.12077495566985458,0.13088233515477304,FALSE,0.34285714285714286
ENO1,-0.031204744333003083,0.09881767155173779,0.13002241588474087,FALSE,0.2
GATA6,0.5925283895481386,0.7224510687033107,0.12992267915517208,FALSE,0.2
KLF15,0.01597287374916614,0.14482145320727402,0.12884857945810788,FALSE,0.34285714285714286
EZH2,0.40370411815449153,0.5306764057474589,0.12697228759296736,FALSE,0.4857142857142857
TBPL1,0.6559656122267996,0.7795834487968993,0.12361783657009973,FALSE,0.11428571428571428
KLF4,0.35606412619659344,0.4792402395546062,0.12317611335801276,FALSE,0.34285714285714286
NR1I3,-1.0048147899177948,-0.8825131556941224,0.12230163422367246,FALSE,0.2
ELK4,-0.22891765217851195,-0.1072839641259046,0.12163368805260735,FALSE,0.34285714285714286
BCL11B,-0.7874234668419854,-0.6663872667214807,0.12103620012050464,FALSE,0.11428571428571428
TRPS1,-0.5552041716967304,-0.4374665183747295,0.11773765332200092,FALSE,0.8857142857142857
MTF1,-0.8555477774614151,-0.7383716683966154,0.1171761090647997,FALSE,0.05714285714285714
NR1H3,-0.16494158046448665,-0.04958918663797537,0.11535239382651127,FALSE,0.34285714285714286
FOXJ1,-0.22339401097850073,-0.10927101111195377,0.11412299986654696,FALSE,0.34285714285714286
ETS1,0.5805447725447234,0.6931660846345816,0.11262131208985826,FALSE,0.34285714285714286
ESR2,0.3685004029808244,0.48009710992960986,0.11159670694878543,FALSE,0.2
GABPA,0.3792015161823091,0.4898677219329874,0.11066620575067831,FALSE,0.05714285714285714
MED1,-0.9493089422341374,-0.8389761767790658,0.11033276545507165,FALSE,0.11428571428571428
CEBPE,0.1611692515078963,0.27088170196247474,0.10971245045457845,FALSE,0.34285714285714286
KLF7,-0.12480169426228636,-0.016042075739321038,0.10875961852296533,FALSE,0.2
MBD1,0.6304719060620907,0.7383216866239765,0.10784978056188577,FALSE,0.6857142857142857
ELF3,1.1980913183037813,1.3035287886429163,0.10543747033913498,FALSE,0.6857142857142857
IRF7,-0.7188037193351273,-0.6144448781058482,0.10435884122927908,FALSE,0.4857142857142857
NKX2-2,0.3634981325462266,0.4648664516315861,0.10136831908535948,FALSE,0.4857142857142857
SIRT1,0.021520436075365763,0.12284030779834715,0.10131987172298139,FALSE,0.34285714285714286
GATA1,-0.36918106356516156,-0.2688074281432926,0.10037363542186895,FALSE,0.2
HOXA7,1.5095445993964929,1.6095122242723625,0.09996762487586963,FALSE,0.6857142857142857
TP53,0.4546259367775493,0.5526510459493862,0.09802510917183688,FALSE,0.2
CREM,0.033524100788734065,0.12996884619795887,0.0964447454092248,FALSE,0.6857142857142857
OTX2,-1.1942169373480178,-1.0979399715120846,0.09627696583593326,FALSE,0.34285714285714286
SMAD7,0.6424658998680629,0.7379627523910006,0.09549685252293771,FALSE,0.34285714285714286
FOXP3,0.4084538574756918,0.5030933642826131,0.09463950680692129,FALSE,0.6857142857142857
TTF1,1.0517229644878499,1.145682217223377,0.09395925273552708,FALSE,0.34285714285714286
LITAF,0.3723114457312721,0.4654331946616972,0.09312174893042507,FALSE,0.6857142857142857
NOTO,-0.20829500449436886,-0.11522722529061598,0.09306777920375288,FALSE,0.2
ZIC1,0.07182669477236736,0.16474189496073643,0.09291520018836907,FALSE,0.4857142857142857
FOSB_JUN,0.8694114726729029,0.9604135035344243,0.09100203086152148,FALSE,0.6857142857142857
FOSB_JUNB,0.8694114726729029,0.9604135035344243,0.09100203086152148,FALSE,0.6857142857142857
FOSB_JUND,0.8694114726729029,0.9604135035344243,0.09100203086152148,FALSE,0.6857142857142857
FOSL1_JUN,0.8694114726729029,0.9604135035344243,0.09100203086152148,FALSE,0.6857142857142857
FOSL1_JUNB,0.8694114726729029,0.9604135035344243,0.09100203086152148,FALSE,0.6857142857142857
FOSL1_JUND,0.8694114726729029,0.9604135035344243,0.09100203086152148,FALSE,0.6857142857142857
FOSL2_JUN,0.8694114726729029,0.9604135035344243,0.09100203086152148,FALSE,0.6857142857142857
FOSL2_JUNB,0.8694114726729029,0.9604135035344243,0.09100203086152148,FALSE,0.6857142857142857
FOSL2_JUND,0.8694114726729029,0.9604135035344243,0.09100203086152148,FALSE,0.6857142857142857
FOS_JUN,0.8694114726729029,0.9604135035344243,0.09100203086152148,FALSE,0.6857142857142857
FOS_JUNB,0.8694114726729029,0.9604135035344243,0.09100203086152148,FALSE,0.6857142857142857
FOS_JUND,0.8694114726729029,0.9604135035344243,0.09100203086152148,FALSE,0.6857142857142857
JUNB_JUND,0.8694114726729029,0.9604135035344243,0.09100203086152148,FALSE,0.6857142857142857
JUN_JUNB,0.8694114726729029,0.9604135035344243,0.09100203086152148,FALSE,0.6857142857142857
JUN_JUND,0.8694114726729029,0.9604135035344243,0.09100203086152148,FALSE,0.6857142857142857
IRX1,-1.3968829206854845,-1.3063026096187047,0.09058031106677977,FALSE,0.4857142857142857
BHLHE40,0.7311210769216082,0.8210894215222846,0.08996834460067638,FALSE,0.6857142857142857
STAT2,0.7438623870681237,0.8327912644172359,0.08892887734911226,FALSE,0.4857142857142857
HAND2,-1.062408200423556,-0.974237797241864,0.088170403181692,FALSE,0.4857142857142857
TFCP2,-0.025083151279544382,0.06167424389287769,0.08675739517242208,FALSE,0.4857142857142857
PRDM1,0.8610498241366962,0.9462926929548453,0.08524286881814913,FALSE,0.2
BARX2,-0.5476691550023066,-0.46251827535549955,0.085150879646807065,FALSE,0.34285714285714286
TEAD4,0.40449213774245246,0.4880746259602593,0.08358248821780684,FALSE,0.6857142857142857
STAT3,0.6845367738937697,0.7659756579502243,0.08143888405645461,FALSE,0.6857142857142857
FOXA2,-0.1038083116444117,-0.02411070967158774,0.07969760197282397,FALSE,0.6857142857142857
ARNT,0.38942989716510173,0.46858130991513686,0.07915141275003512,FALSE,0.8857142857142857
PREB,-0.9775149170296563,-0.9001329388498098,0.07738197817984649,FALSE,0.34285714285714286
NR4A1,0.2880463506607738,0.36398069297168323,0.07593434231090945,FALSE,0.6857142857142857
CREB5,0.11592102888383286,0.1915875266564907,0.07566649777265784,FALSE,0.34285714285714286
TAF1,0.30115397683112005,0.37658850905321983,0.07543453222209978,FALSE,0.34285714285714286
SPDEF,-0.30151610323937783,-0.22779491643498365,0.07372118680439418,FALSE,0.05714285714285714
ZEB2,-1.086969817706467,-1.0135683145235705,0.07340150318289651,FALSE,0.8857142857142857
APEX1,-0.286422714138122,-0.21353026198713854,0.07289245215098344,FALSE,0.4857142857142857
LMX1B,-0.7812493617187438,-0.7085805358790804,0.07266882583966339,FALSE,0.34285714285714286
HBP1,2.0660651452218834,2.137399273195683,0.07133412797379934,FALSE,0.6857142857142857
POU3F2,1.351793582677643,1.4219803751015663,0.07018679242392323,FALSE,0.34285714285714286
ATF2,-0.34513509853781765,-0.2764018832063536,0.06873321533146404,FALSE,0.4857142857142857
ARX,-0.512533732663745,-0.4449645624893474,0.06756917017439762,FALSE,0.4857142857142857
HNF4A,-0.9208362454007147,-0.8538828737858163,0.06695337161489845,FALSE,0.6857142857142857
KDM5C,-0.7331940676377746,-0.6676738483861518,0.06552021925162277,FALSE,0.8857142857142857
ZNF354C,0.47629206794664336,0.5393933115319478,0.06310124358530445,FALSE,0.6857142857142857
PARK7,-0.5647206839234582,-0.5044009067077466,0.06031977721571158,FALSE,0.34285714285714286
ISL1,-0.9882703083801077,-0.9289095792152898,0.05936072916481783,FALSE,0.34285714285714286
EOMES,-0.833301060643735,-0.7754105558637683,0.05789050477996671,FALSE,0.8857142857142857
TFAP4,1.1687884210655237,1.2266119743872643,0.057823553321740606,FALSE,0.4857142857142857
TFAM,1.6019084876022975,1.659387393216038,0.05747890561374036,FALSE,0.8857142857142857
ZBTB7A,-0.07517330178896321,-0.018174253441715884,0.056999048347247325,FALSE,0.8857142857142857
ATF1,1.6033284220884534,1.6601872862028733,0.05685886411441987,FALSE,0.6857142857142857
NKX2-5,-0.3911639156991709,-0.3346933209070378,0.05647059479213312,FALSE,0.34285714285714286
JDP2,0.04723598984678429,0.10015226351949999,0.0529162736727157,FALSE,0.8857142857142857
FOXO3,2.790723394840935,2.842909409236081,0.05218601439514625,FALSE,0.8857142857142857
NKRF,-0.3807084215966994,-0.32891655325650604,0.05179186834019334,FALSE,0.6857142857142857
PEG3,-0.8206244993277643,-0.7701632748721512,0.050461224455613074,FALSE,0.2
DLX2,-0.4314073224081446,-0.3826688266618547,0.04873849574628991,FALSE,0.4857142857142857
FEV,-0.4423012235556379,-0.39417722541127975,0.04812399814435814,TRUE,0.02857142857142857
STAT6,-0.03201923750424976,0.015393924066622537,0.047413161570872296,FALSE,1
MAFA,-0.9068119964780998,-0.8597090765984404,0.04710291987965942,FALSE,0.34285714285714286
LEF1,-0.5102496541536661,-0.46339256215073177,0.04685709200293431,FALSE,1
ZNF300,-0.8609016511060013,-0.8142379068989783,0.046663744207022906,FALSE,0.4857142857142857
MYOG,0.6580573459261616,0.704436902257509,0.04637955633134738,FALSE,0.6857142857142857
KLF5,0.6775733779200057,0.7237663762541087,0.04619299833410295,FALSE,1
ELF4,0.9700943535013606,1.0159886941365792,0.04589434063521858,FALSE,0.6857142857142857
STAT4,0.5832172403049332,0.6280703432922429,0.04485310298730971,FALSE,1
JUNB,1.2383461454195808,1.2825777546503874,0.0442316092308066,FALSE,0.6857142857142857
MEIS1,-0.9400983636719662,-0.8960392988726341,0.04405906479933208,FALSE,0.6857142857142857
VDR,0.12463746088773592,0.16773181244239704,0.043094351554661126,FALSE,0.4857142857142857
EGR1,0.513457291660483,0.5560986794285848,0.04264138776810178,FALSE,0.6857142857142857
SREBF2,-1.4546354041773386,-1.4120132232150484,0.0426221809622902,FALSE,0.8857142857142857
GLI3,0.10067131924280702,0.14292056009665,0.042249240853842976,FALSE,0.6857142857142857
RARA,-0.37086600362757105,-0.32976743960119836,0.041098564026372686,FALSE,0.8857142857142857
SMAD1,-0.04328550591221458,-0.004689482462910969,0.03859602344930361,FALSE,1
PKNOX1,-0.9748017521929142,-0.9367941777833784,0.03800757440953584,FALSE,0.6857142857142857
HDAC9,-0.24644979794180394,-0.21070036460880048,0.035749433333003455,FALSE,0.8857142857142857
GLI1,0.5867107087317082,0.6218435313454195,0.03513282261371131,FALSE,0.6857142857142857
ZNF395,-0.5635600443132993,-0.5300720417917866,0.03348800252151274,FALSE,0.8857142857142857
TFAP2B,-0.184434563221693,-0.15130424023794622,0.03313032298374677,FALSE,0.4857142857142857
NEUROG3,-1.0232452448857936,-0.9912104815465446,0.03203476333924904,FALSE,0.34285714285714286
PATZ1,-0.4912326403954655,-0.46024421159999596,0.030988428795469536,FALSE,0.4857142857142857
AHR,-0.5486483414724097,-0.5178204390080923,0.030827902464317436,FALSE,0.6857142857142857
NFAT5,0.7111967840368034,0.7415594039717548,0.030362619934951374,FALSE,0.8857142857142857
NR1H2,-0.19530568195547232,-0.16528376376651835,0.030021918188953972,FALSE,0.8857142857142857
SMAD4,-0.30979975032669654,-0.2813089756048177,0.02849077472187883,FALSE,0.6857142857142857
RORA,-0.6124830919783637,-0.5840716931227025,0.02841139885566124,FALSE,0.8857142857142857
TBX2,-0.5296374102905964,-0.5031841353014204,0.026453274989176045,FALSE,1
OLIG2,-0.14803413565191365,-0.12252944428653081,0.02550469136538283,FALSE,0.4857142857142857
KLF6,1.2853674954602932,1.3086560878772961,0.023288592417002985,FALSE,0.6857142857142857
ONECUT1,-0.24531916557848332,-0.22334720658900192,0.0219719589894814,FALSE,0.8857142857142857
MXI1,-0.08922576407905583,-0.07033160929512425,0.018894154783931583,FALSE,0.8857142857142857
ZNF76,-0.21661757766328332,-0.19783858933885298,0.01877898832443034,FALSE,1
NR2C1,-0.6638967148717222,-0.6457339097979649,0.018162805073757338,FALSE,0.6857142857142857
NR5A2,-0.5590266137465097,-0.541592793183344,0.01743382056316578,FALSE,1
NEUROG2,0.5663787635539727,0.5828249826536602,0.016446219099687576,FALSE,1
SMARCC1,-0.050345777655488144,-0.03430796500047467,0.016037812655013473,FALSE,0.8857142857142857
FOSL1,0.3904702681464311,0.4053794912230851,0.014909223076653988,FALSE,0.8857142857142857
HNF1A,-0.43915256715530293,-0.42501749032179165,0.014135076833511284,FALSE,1
WT1,0.47886864537500007,0.49209382285419356,0.013225177479193495,FALSE,0.4857142857142857
E2F6,-0.3112962654676702,-0.29829939310036974,0.01299687236730046,FALSE,0.6857142857142857
ESRRA,-0.06045777023979967,-0.04818740143416495,0.012270368805634715,FALSE,1
NR6A1,-0.4987959956924866,-0.4879762793029775,0.010819716389509126,FALSE,1
NFIL3,-0.08306630955049212,-0.073524921241135,0.009541388309357121,FALSE,1
PRDM2,-0.33754349168563313,-0.32808645355236576,0.00945703813326737,FALSE,0.6857142857142857
NRL,-0.30206781009781486,-0.29280905188796186,0.009258758209853002,FALSE,1
NR5A1,-0.05023996394070232,-0.041064499151718045,0.009175464788984275,FALSE,1
ZNF143,-0.2697671037043011,-0.26140195507466346,0.008365148629637664,FALSE,0.8857142857142857
TWIST2,0.42566778069385214,0.43399618642045673,0.008328405726604593,FALSE,0.8857142857142857
E2F1,-0.9834459461381403,-0.9756617926075033,0.007784153530636995,FALSE,0.8857142857142857
BACH1,-0.47258485816872686,-0.4654754974786538,0.007109360690073063,FALSE,0.8857142857142857
PROP1,-0.6538298024389406,-0.6468789825491686,0.006950819889771975,FALSE,0.6857142857142857
EPAS1,0.3731585595441826,0.37841510620604996,0.005256546661867367,FALSE,1
HDAC1,-0.8461307527558741,-0.8409031841633208,0.0052275685925533555,FALSE,0.8857142857142857
POU4F2,-0.03153407554560099,-0.028647928650410652,0.0028861468951903377,FALSE,0.4857142857142857
BATF,-0.04139379251109232,-0.04154301767117171,-1.4922516007939007e-4,FALSE,0.8857142857142857
SOX5,-0.3461808057838228,-0.3470859155654892,-9.051097816663578e-4,FALSE,0.8857142857142857
CEBPZ,-0.693114553509171,-0.6940334351794881,-9.188816703171732e-4,FALSE,0.8857142857142857
TBX15,0.16239210592522496,0.16141017488004838,-9.819310451765761e-4,FALSE,1
FOXO4,-0.3826187107577149,-0.38498454361179957,-0.0023658328540846485,FALSE,0.8857142857142857
ATF4,0.1607239025478137,0.1570135047633788,-0.00371039778443491,FALSE,0.6857142857142857
ZNF331,-1.3298456166094947,-1.334206738433636,-0.004361121824141279,FALSE,0.8857142857142857
ARID3B,0.08914239793080536,0.07943766408797201,-0.009704733842833352,FALSE,0.6857142857142857
SOX6,-0.18257870901582635,-0.1922974352558308,-0.009718726240004444,FALSE,0.6857142857142857
TRERF1,0.45441276104580325,0.44150293071982044,-0.012909830325982807,FALSE,0.6857142857142857
IRF9,0.01957929641625755,0.006105577591150232,-0.013473718825107317,FALSE,0.6857142857142857
TFDP1,-0.22587602446896185,-0.241435481961282,-0.015559457492320156,FALSE,1
EGR2,0.10875897276121489,0.09161500933430264,-0.017143963426912254,FALSE,0.8857142857142857
ZNF362,-0.2268489766536013,-0.24808130681109644,-0.02123233015749515,FALSE,0.8857142857142857
PAX7,0.3469572604777645,0.323639599063367,-0.023317661414397506,FALSE,1
PAX6,-0.6236437282328612,-0.6484179108054804,-0.024774182572619208,FALSE,1
ZKSCAN7,-0.39004920575869906,-0.41564033524494487,-0.02559112948624581,FALSE,0.4857142857142857
HOXC8,-0.3816628306661215,-0.40859943318660147,-0.02693660252047997,FALSE,0.34285714285714286
JARID2,-0.1281698207568787,-0.1562599179758925,-0.028090097219013815,FALSE,0.4857142857142857
BHLHE41,0.01663635969532365,-0.011668956845859887,-0.028305316541183536,FALSE,0.6857142857142857
SMAD2,-0.5796381406259203,-0.6081469355368205,-0.028508794910900193,FALSE,1
ZHX2,0.8651764206153343,0.8346550776625019,-0.030521342952832375,FALSE,0.4857142857142857
STAT5A,0.7424513795318102,0.7118052682122463,-0.03064611131956385,FALSE,1
PPARA,-2.0375384927863855,-2.0688443641364564,-0.0313058713500709,FALSE,0.6857142857142857
EWSR1,0.03776956520205655,0.004482983178987662,-0.03328658202306889,FALSE,0.8857142857142857
NFE2L1,-0.4443531037324113,-0.47780727804673806,-0.033454174314326734,FALSE,0.34285714285714286
TFAP2A,0.018726514045207573,-0.015193586292430875,-0.03392010033763845,FALSE,0.6857142857142857
MECP2,0.5169961669960981,0.4822928549521713,-0.03470331204392679,FALSE,1
KLF11,-0.22867739062696874,-0.2646884195317977,-0.03601102890482899,FALSE,0.6857142857142857
EP300,0.4154845997666016,0.37889362790008163,-0.036590971866519995,FALSE,0.8857142857142857
CTCFL,0.13722397656521643,0.09728812468246738,-0.03993585188274905,FALSE,0.34285714285714286
FOSB,-0.23200469509384958,-0.27240078993423344,-0.04039609484038387,FALSE,0.4857142857142857
GFI1B,-0.7896616272252635,-0.8302731858107626,-0.04061155858549914,FALSE,0.6857142857142857
SRY,-0.467271990706581,-0.5081421554678831,-0.04087016476130212,FALSE,0.4857142857142857
POU1F1,-0.3354004312447504,-0.37738254163139545,-0.041982110386645066,FALSE,0.8857142857142857
NONO,0.24031404866535352,0.1975005284277281,-0.04281352023762541,FALSE,0.4857142857142857
ZNF699,-0.7901372022830443,-0.8351205920636748,-0.044983389780630545,FALSE,0.6857142857142857
NUPR1,0.06274566200242715,0.01701137847977788,-0.04573428352264927,FALSE,0.4857142857142857
PROX1,0.6550569027561367,0.608605210116153,-0.04645169263998372,FALSE,1
HSF4,0.4438817927127976,0.3968279329522465,-0.0470538597605511,FALSE,1
GTF2IRD1,-0.2596555260887011,-0.3079916536780077,-0.048336127589306555,FALSE,0.34285714285714286
ETV3,-0.09685931099654672,-0.1469060097811076,-0.050046698784560875,FALSE,0.6857142857142857
GTF2I,0.7696635792067591,0.7196055405444937,-0.050058038662265436,FALSE,0.4857142857142857
IRF3,-0.6520608735313747,-0.7033303901270287,-0.05126951659565404,FALSE,0.6857142857142857
ID2,0.3765634069897786,0.32385764764473185,-0.05270575934504673,FALSE,0.8857142857142857
NEUROD1,0.1333217328018595,0.07965196612543973,-0.05366976667641976,FALSE,0.6857142857142857
HOXA5,0.8644515925489858,0.8083822756915878,-0.05606931685739802,FALSE,0.8857142857142857
REST,0.3872335963883683,0.3309013169137544,-0.05633227947461389,FALSE,0.4857142857142857
HIC1,0.4631484370985106,0.40597895747404955,-0.05716947962446106,FALSE,0.6857142857142857
TBX21,0.07680394632651096,0.018684333715865684,-0.05811961261064527,FALSE,0.8857142857142857
NFE2L3,-0.46935025703674316,-0.5282302440002776,-0.05887998696353447,FALSE,0.34285714285714286
ESRRG,-0.048459451011456656,-0.10876237951295009,-0.060302928501493436,FALSE,0.34285714285714286
TCF21,0.4125486116380216,0.3504253158914955,-0.062123295746526086,FALSE,0.6857142857142857
E4F1,0.6144142570725293,0.550263046753781,-0.06415121031874826,FALSE,0.34285714285714286
FOXN1,-0.14252925570989328,-0.20725219446717186,-0.06472293875727858,FALSE,0.4857142857142857
DNMT3B,-0.47121356296216127,-0.5382210953364516,-0.0670075323742903,FALSE,0.4857142857142857
SNAI1,0.5862431319880409,0.5182440718481599,-0.067999060139881,FALSE,0.8857142857142857
MEF2D,0.7757854367213073,0.7070651602534062,-0.06872027646790113,FALSE,0.6857142857142857
GATA5,-0.5260295124953148,-0.5950747710202423,-0.06904525852492749,TRUE,0.02857142857142857
PAX3,1.5615353055360877,1.49168361183873,-0.06985169369735766,FALSE,0.8857142857142857
MNT,0.5574549526157941,0.4865141194176359,-0.07094083319815825,FALSE,1
ELK1,-0.2097258369987486,-0.2811813279018666,-0.07145549090311801,FALSE,0.34285714285714286
BCL6,-0.18632787733216696,-0.2595948325244529,-0.07326695519228596,FALSE,0.6857142857142857
ZNF436,-0.3240630204515137,-0.3976361443965088,-0.0735731239449951,FALSE,0.11428571428571428
VSX2,0.07722767175885098,0.003166429466330495,-0.07406124229252048,FALSE,0.4857142857142857
CEBPG,-0.2349097742426364,-0.31004366209687767,-0.07513388785424127,FALSE,0.4857142857142857
ARID4A,-0.03603449913056592,-0.11164624384252379,-0.07561174471195788,FALSE,0.6857142857142857
CRX,-0.38452806919026056,-0.46020069429207894,-0.07567262510181838,FALSE,0.2
SMARCA1,-0.39337854463164096,-0.47011628967312774,-0.07673774504148678,FALSE,0.6857142857142857
SP3,0.1587978229934507,0.08092153851888008,-0.07787628447457061,FALSE,0.2
SMAD5,0.16286569890362726,0.08416951644236151,-0.07869618246126575,FALSE,0.4857142857142857
DBP,0.15556452086307304,0.07683442475183436,-0.07873009611123868,FALSE,0.34285714285714286
TFE3,-1.285312348764454,-1.367471549436781,-0.08215920067232707,FALSE,0.6857142857142857
NFE2L2,-0.26830593640768685,-0.3520266798435731,-0.08372074343588626,FALSE,0.34285714285714286
NKX3-1,0.3893615636534289,0.3050753511864729,-0.084286212466956,FALSE,1
HESX1,0.7162621051489432,0.6316343555736044,-0.0846277495753388,FALSE,0.8857142857142857
LYL1,-0.41330313236993055,-0.4989692068154793,-0.08566607444554875,FALSE,0.6857142857142857
CEBPB,0.15745953095587814,0.07146427515488024,-0.0859952558009979,FALSE,0.4857142857142857
SRF,0.37477809566456477,0.28781778826420884,-0.08696030740035593,FALSE,0.8857142857142857
TBX5,-0.14521668420402226,-0.23273755543745372,-0.08752087123343147,FALSE,0.8857142857142857
NCOA3,0.1419544884492881,0.05262979286471261,-0.08932469558457548,FALSE,0.34285714285714286
NSD2,-0.04563951361803555,-0.13600529425670194,-0.09036578063866638,FALSE,0.2
NR2F1,2.0477810476830145,1.9571168962403884,-0.09066415144262607,FALSE,0.34285714285714286
FOXP1,0.4693358196655559,0.3754718902629668,-0.09386392940258909,FALSE,0.8857142857142857
DLX5,-0.2671916394098852,-0.36341438425945005,-0.09622274484956483,FALSE,0.4857142857142857
POU2F3,0.9854724099464023,0.888506144320631,-0.09696626562577126,FALSE,0.8857142857142857
TLX1,0.8085929193147678,0.7058299367000759,-0.10276298261469197,FALSE,0.2
SP2,-0.571355371788256,-0.6752136154045697,-0.10385824361631368,FALSE,0.2
NR1I2,-0.12384483083080816,-0.22806977711230453,-0.10422494628149637,FALSE,0.6857142857142857
SATB1,1.1506850023804953,1.0456633613668962,-0.10502164101359912,FALSE,0.8857142857142857
DNMT3A,0.24859878351221118,0.1433584339828584,-0.10524034952935277,FALSE,0.05714285714285714
POU2F2,0.061539582516173814,-0.04379190481919031,-0.10533148733536413,FALSE,0.6857142857142857
ETV6,0.45259769125347354,0.34628618022574353,-0.10631151102773001,FALSE,0.34285714285714286
PAX5,0.052731818433440644,-0.055840798001983244,-0.10857261643542389,FALSE,0.34285714285714286
ASCL1,-0.036396785919741756,-0.14515150791858752,-0.10875472199884577,FALSE,0.4857142857142857
FOXM1,-0.4500784028623033,-0.5593811831665079,-0.1093027803042046,FALSE,0.11428571428571428
MAFG,0.1689094089496172,0.05725251514720039,-0.1116568938024168,TRUE,0.02857142857142857
KDM5B,0.1742781838837535,0.06007048136010497,-0.11420770252364852,FALSE,0.34285714285714286
HINFP,0.7764638833535896,0.65762158705737,-0.11884229629621967,FALSE,0.11428571428571428
IRF6,0.5430714153504596,0.42399689286130837,-0.11907452248915118,FALSE,0.6857142857142857
TCF12,0.2416431347044832,0.12247060809048077,-0.11917252661400243,FALSE,0.4857142857142857
NR0B2,0.7757867590324237,0.6561930714248727,-0.11959368760755096,FALSE,0.4857142857142857
PDX1,-0.135503566221032,-0.2557438539222501,-0.12024028770121808,FALSE,0.6857142857142857
NCOR2,-0.09041292322315779,-0.21178002956170272,-0.12136710633854493,FALSE,0.4857142857142857
SP7,0.14723568553228678,0.021742927653987592,-0.1254927578782992,FALSE,0.4857142857142857
KAT7,1.4953972990463684,1.369357832779245,-0.12603946626712337,TRUE,0.02857142857142857
POU5F1,0.7013292142403709,0.5747208175828165,-0.1266083966575544,FALSE,0.34285714285714286
HOXB4,-0.5106120976463041,-0.6379392736084514,-0.12732717596214727,FALSE,0.34285714285714286
RARB,0.5802182626439885,0.4525559361281117,-0.12766232651587678,FALSE,0.4857142857142857
NR2E1,0.2095687112017601,0.07890097992065302,-0.1306677312811071,FALSE,0.2
SOX9,0.7953454531424246,0.6611630197535312,-0.13418243338889335,FALSE,0.2
CREBZF,0.02644386854945327,-0.10821768540245669,-0.13466155395190996,TRUE,0.02857142857142857
GFI1,-0.7122150252400765,-0.8479059547372825,-0.13569092949720596,FALSE,0.6857142857142857
NEUROD2,0.7278719426585226,0.5909631763642904,-0.1369087662942322,FALSE,0.6857142857142857
TCF4,0.6742810682631226,0.5361775304342263,-0.13810353782889628,FALSE,0.4857142857142857
ZFPM1,0.1475789108808962,0.008890286497195081,-0.1386886243837011,FALSE,0.4857142857142857
SKIL,0.39525389043525466,0.25618351697070224,-0.13907037346455242,FALSE,0.11428571428571428
NFATC4,0.9018840559088864,0.7624676643853137,-0.13941639152357277,FALSE,0.11428571428571428
RUNX2,0.36884357135798934,0.22940033048526623,-0.1394432408727231,FALSE,0.2
IRF4,1.2359669478028188,1.0943582709780364,-0.1416086768247824,FALSE,0.2
HOXA10,0.30374037966230255,0.16098657452444562,-0.14275380513785693,TRUE,0.02857142857142857
PURA,0.5840631442088229,0.44023301102496704,-0.14383013318385585,FALSE,0.11428571428571428
HOXD3,0.331513334973716,0.18478587054268367,-0.14672746443103232,FALSE,0.4857142857142857
NR4A3,0.18631163039990012,0.03704960232029384,-0.14926202807960628,FALSE,0.2
UBTF,-0.06661674491486014,-0.2195830581035474,-0.15296631318868725,FALSE,0.2
MXD1,-0.33290720719219574,-0.48651604042551566,-0.15360883323331992,FALSE,0.4857142857142857
SMARCA5,1.9812430619130845,1.824701310597774,-0.15654175131531045,FALSE,1
NR3C2,1.142197927794173,0.9848903605849237,-0.1573075672092492,FALSE,0.6857142857142857
TADA2A,-0.32138692408302766,-0.47890776512520095,-0.1575208410421733,FALSE,0.34285714285714286
DOT1L,0.7118078771340677,0.5515612376758662,-0.1602466394582015,FALSE,0.34285714285714286
MYOD1,1.3955548403877502,1.233913933907506,-0.1616409064802442,FALSE,0.6857142857142857
AR,1.4130607864965605,1.2513907636641708,-0.16167002283238974,FALSE,0.05714285714285714
SOX4,0.3927709013047785,0.22965487945069837,-0.1631160218540801,TRUE,0.02857142857142857
YBX3,-0.2853578012397988,-0.451631179835589,-0.16627337859579017,FALSE,0.05714285714285714
MEF2C,0.6564161325489396,0.4891107375203859,-0.16730539502855368,FALSE,0.2
NFE2,0.17542160299740212,0.006961807175934942,-0.16845979582146717,TRUE,0.02857142857142857
TWIST1,1.2516691106245246,1.077284731656703,-0.17438437896782166,FALSE,0.2
PLAG1,0.8691642639954071,0.6916575590028579,-0.17750670499254928,FALSE,0.05714285714285714
KLF10,1.2658485943175608,1.08709994392934,-0.17874865038822074,FALSE,0.34285714285714286
KAT2B,0.10268838146233561,-0.07704713091024835,-0.17973551237258395,FALSE,0.2
EGR4,-0.22041245892418404,-0.40194446057013006,-0.18153200164594602,FALSE,0.2
CDX1,0.1958393687888011,0.01427179899632032,-0.1815675697924808,FALSE,0.34285714285714286
HOXB13,1.15875262020881,0.9758248680813368,-0.18292775212747325,FALSE,0.34285714285714286
RB1,1.2628985053011226,1.079662847593816,-0.18323565770730665,FALSE,0.34285714285714286
HES1,0.7204845215010923,0.5359055230510958,-0.18457899844999648,FALSE,0.4857142857142857
VHL,-0.6846094032426286,-0.872997890333093,-0.1883884870904644,FALSE,0.2
STAT5B,0.09399531526475191,-0.10443868095043705,-0.19843399621518898,FALSE,0.34285714285714286
ERG,2.6488215538500093,2.444706710731775,-0.20411484311823447,FALSE,0.34285714285714286
MSC,1.5440634530217623,1.3385985435101797,-0.20546490951158258,TRUE,0.02857142857142857
MAFK,0.03588956731097532,-0.16998860526626677,-0.20587817257724209,FALSE,0.2
CEBPA,-0.6810415832889264,-0.8895933708600181,-0.20855178757109172,FALSE,0.34285714285714286
NFATC2,0.037516460755859224,-0.17156159763396422,-0.20907805838982346,FALSE,0.05714285714285714
MYF6,0.10182954446207101,-0.10981302786189115,-0.21164257232396216,FALSE,0.11428571428571428
KAT5,0.36585675177277005,0.15357631238858802,-0.21228043938418203,TRUE,0.02857142857142857
PITX2,2.0796007995708146,1.8671967701464984,-0.21240402942431613,FALSE,0.2
PLAGL1,0.3421519923697988,0.12720606503925005,-0.21494592733054876,FALSE,0.05714285714285714
SMARCA4,0.5448240650094214,0.32872147056559475,-0.21610259444382662,FALSE,0.11428571428571428
BRCA1,0.6659807142266236,0.4468408282684517,-0.21913988595817196,FALSE,0.2
MYBL2,0.3916772298125806,0.17076958162994385,-0.22090764818263672,FALSE,0.34285714285714286
HOXA9,0.13943421297904685,-0.08163836763452013,-0.221072580613567,FALSE,0.11428571428571428
IKZF1,1.1929839878029376,0.9717610487980286,-0.22122293900490897,FALSE,0.4857142857142857
DLX4,0.6644308952092983,0.4418495445313218,-0.22258135067797652,TRUE,0.02857142857142857
TP73,0.6402088569291847,0.4131756025556361,-0.2270332543735486,FALSE,0.11428571428571428
ELF1,1.1989353184648257,0.9716800996336615,-0.22725521883116417,FALSE,0.05714285714285714
SP4,0.7729115690987781,0.5434313963022362,-0.22948017279654187,FALSE,0.11428571428571428
HR,-0.15762504852453477,-0.3891276495071916,-0.23150260098265682,TRUE,0.02857142857142857
ZBTB17,0.7996165045543188,0.5673969422645422,-0.23221956228977658,FALSE,0.2
HEY1,0.4713452603076129,0.23481776091891501,-0.2365274993886979,FALSE,0.2
HIPK2,-0.2925686702194411,-0.52937406955486,-0.2368053993354189,TRUE,0.02857142857142857
GATA4,0.45431376885531066,0.21698095397785433,-0.23733281487745633,FALSE,0.2
MAFB,0.6130996704692108,0.37555444314557707,-0.2375452273236337,FALSE,0.4857142857142857
ABL1,0.9387558461006809,0.6943056568956748,-0.24445018920500605,FALSE,0.4857142857142857
TEF,0.08697983155498651,-0.1611203933884021,-0.2481002249433886,FALSE,0.2
BCL3,-0.23785548836180098,-0.489814228321981,-0.25195873996018003,FALSE,0.34285714285714286
NR0B1,1.0185233676302423,0.7660608458160477,-0.2524625218141946,FALSE,0.11428571428571428
TCF7L2,1.2259929806920058,0.97215589105631806,-0.25383708963568774,FALSE,0.11428571428571428
EBF1,-0.8601137579133028,-1.1146165111316846,-0.2545027532183818,FALSE,0.2
FOXQ1,1.0197907120511824,0.7554528386191034,-0.26433787343207904,FALSE,0.34285714285714286
E2F2,0.44126160772456835,0.17638357097677054,-0.2648780367477978,FALSE,0.05714285714285714
NR2F2,1.1028813286133878,0.8366075921447487,-0.26627373646863917,TRUE,0.02857142857142857
POU4F1,0.7039092351978297,0.43675641941359733,-0.26715281578423233,FALSE,0.2
TET1,0.44319854109159845,0.17437450638728785,-0.2688240347043106,TRUE,0.02857142857142857
HOXA1,0.9709501458885058,0.701831730861872,-0.2691184150266338,FALSE,0.4857142857142857
TFAP2C,0.09390123054942079,-0.18310588752404394,-0.27700711807346473,FALSE,0.11428571428571428
DLX3,0.16564230633287025,-0.1120866685317315,-0.27772897486460174,FALSE,0.34285714285714286
ID4,0.8811559069658312,0.5989931993917426,-0.2821627075740887,FALSE,0.05714285714285714
KLF1,1.0851418858790565,0.8024205501107696,-0.28272133576828684,FALSE,0.2
ETS2,1.3897932641161765,1.1035047927000816,-0.2862884714160949,FALSE,0.11428571428571428
SALL4,0.9157376447157255,0.6281791104473814,-0.2875585342683441,TRUE,0.02857142857142857
KLF13,0.8881232503231136,0.5982370136107357,-0.2898862367123779,FALSE,0.11428571428571428
NFATC1,0.8920107452534946,0.5969190656047348,-0.2950916796487597,FALSE,0.2
CUX1,1.0685494268401388,0.7733251415334607,-0.2952242853066781,FALSE,0.11428571428571428
ESR1,0.665108643781737,0.36208640486039984,-0.3030222389213371,TRUE,0.02857142857142857
HNF1B,0.0410811206496403,-0.2687514721163977,-0.30983259276603803,FALSE,0.34285714285714286
NCOA1,0.3766786065033742,0.06676489983766817,-0.30991370666570606,TRUE,0.02857142857142857
ETV1,0.5474995530236535,0.23645745037622154,-0.31104210264743193,TRUE,0.02857142857142857
BRD4,1.3074140736717015,0.991207166722639,-0.3162069069490625,FALSE,0.2
NCOR1,0.5830252804970908,0.2641227916354334,-0.3189024888616574,TRUE,0.02857142857142857
CTNNB1,1.1471141161308007,0.8256881280154618,-0.32142598811533896,FALSE,0.2
KLF2,-0.30969743139441797,-0.6338093293945402,-0.3241118980001222,FALSE,0.05714285714285714
E2F3,0.9845190117199525,0.6594503818788652,-0.3250686298410873,FALSE,0.11428571428571428
PML,-0.19340319519287544,-0.5234033926930498,-0.3300001975001744,FALSE,0.11428571428571428
PGR,1.2453367051266147,0.9127392770415359,-0.33259742808507875,FALSE,0.11428571428571428
ID1,1.4258693156664044,1.090234457281637,-0.3356348583847675,FALSE,0.2
ETV7,2.376948481289544,2.0397765548003823,-0.3371719264891615,FALSE,0.11428571428571428
MBD2,0.9431326406900671,0.603394915965533,-0.3397377247245341,TRUE,0.02857142857142857
NRG1,1.7568981846883065,1.4141965741169238,-0.3427016105713827,TRUE,0.02857142857142857
NFIB,1.333223281762749,0.987921626001962,-0.345301655760787,TRUE,0.02857142857142857
GTF3A,0.871631877520701,0.5252882031847963,-0.34634367433590474,FALSE,0.11428571428571428
MITF,0.9148969125678598,0.5659055821162778,-0.3489913304515819,TRUE,0.02857142857142857
MTA3,1.6783616312237184,1.3280522693593775,-0.3503093618643409,TRUE,0.02857142857142857
MZF1,1.0190336183183963,0.66623516815663,-0.35279845016176636,FALSE,0.05714285714285714
SPIB,0.494239826489644,0.1372351953866049,-0.3570046311030391,TRUE,0.02857142857142857
HMGA1,1.5679106821776791,1.208767014288481,-0.35914366788919816,TRUE,0.02857142857142857
KDM2A,1.3694747712707676,0.9995252912046919,-0.36994948006607564,FALSE,0.11428571428571428
HDAC3,-0.3637214866450489,-0.7499450794047754,-0.3862235927597265,FALSE,0.05714285714285714
MAZ,0.8958634862287618,0.5094716586920309,-0.38639182753673085,FALSE,0.11428571428571428
ARID5B,0.6011087253699497,0.2092132632439649,-0.39189546212598486,FALSE,0.2
ZNF148,0.3489665552354524,-0.046117239929916135,-0.3950837951653685,FALSE,0.11428571428571428
IRF8,-0.14596381507730466,-0.5475144161650414,-0.4015506010877367,TRUE,0.02857142857142857
IRF2,1.8272658928991201,1.4000646667522054,-0.4272012261469147,FALSE,0.2
CDX2,1.1789619457335205,0.7498378842421152,-0.42912406149140536,FALSE,0.11428571428571428
RUNX1,2.2590800732061758,1.8295985240007968,-0.42948154920537895,FALSE,0.2
NCOA2,0.4172808284475193,-0.01483790182052893,-0.4321187302680482,FALSE,0.11428571428571428
SOX10,1.0674210219918825,0.6326770563481315,-0.43474396564375095,TRUE,0.02857142857142857
HOXD1,1.75319881601111,1.3149864367947548,-0.43821237921635525,FALSE,0.11428571428571428
POU2F1,0.846334872074468,0.4064555289994307,-0.4398793430750373,FALSE,0.2
GLI2,0.6580175491147918,0.21646933544062585,-0.44154821367416597,FALSE,0.11428571428571428
TP63,1.1990769210867709,0.7572994843166485,-0.4417774367701224,FALSE,0.2
NOTCH1,2.831085409766287,2.3711770732281248,-0.4599083365381622,FALSE,0.11428571428571428
GATA3,1.0902941424820203,0.6299609359466848,-0.4603332065353355,TRUE,0.02857142857142857
GRHL3,1.4643251311289505,0.9998991642641046,-0.46442596686484583,TRUE,0.02857142857142857
ATF5,2.1536070920545534,1.6887189069180355,-0.46488818513651786,FALSE,0.11428571428571428
NR2C2,1.070636100604324,0.5805012166510711,-0.4901348839532528,TRUE,0.02857142857142857
RBPJ,1.2456082342612387,0.754678361072946,-0.49092987318829273,FALSE,0.11428571428571428
DNMT1,0.29761788596042665,-0.19489147869063544,-0.4925093646510621,FALSE,0.11428571428571428
TAL1,1.3683144610528146,0.8366663385606029,-0.5316481224922117,FALSE,0.05714285714285714
FLI1,1.9575980007392637,1.4258349653128772,-0.5317630354263865,FALSE,0.05714285714285714
MYF5,2.1195885537857606,1.5582107657674589,-0.5613777880183017,FALSE,0.05714285714285714
KLF8,2.808925289531107,2.23750805258572,-0.5714172369453872,FALSE,0.11428571428571428
MYBL1,1.7755715671989756,1.1971644642962123,-0.5784071029027633,FALSE,0.2
BACH2,1.3797186628480664,0.7922008262626283,-0.5875178365854381,FALSE,0.11428571428571428
HOXC6,2.526846721911141,1.9368582200529247,-0.5899885018582163,FALSE,0.11428571428571428
CTBP2,1.6709264635296648,0.9996670285729302,-0.6712594349567346,FALSE,0.11428571428571428
KAT6A,1.9587143297019909,1.1873312188695075,-0.7713831108324833,FALSE,0.11428571428571428
SATB2,2.6147660207328696,1.7358143855207877,-0.8789516352120819,FALSE,0.05714285714285714
TCF7,2.0275147036180634,1.11836389076313,-0.9091508128549335,FALSE,0.2
